step,action,reward,state,dwa_vel,dwa_ang,min_obstacle,goal_dist
0,0,-9.984307774796788,"[3.4207158335118675, 3.4206679059964538, 3.4169699276086996, 0.35205936431884766, 0.3521495461463928, 0.35455194115638733, 2.1988921659546534, 2.1923380909443564, 2.2054462409649505, 15.031002847624954, 0.20069064984034313, 0.5, 0.5726315379142761]",0.5,0.5726315379142761,0.35205936431884766,15.031002847624954
