step,action,reward,state,dwa_vel,dwa_ang,min_obstacle,goal_dist
0,0,-13.740146277079551,"[3.2541447610497745, 3.2479466193267745, 3.233864767291551, 0.389954537153244, 0.39415445923805237, 0.4035811126232147, 2.323419591150297, 2.329973666160594, 2.3561899662017822, 15.093175684839235, 0.07947514043526693, 0.5, 0.43789473176002497]",0.5,0.43789473176002497,0.389954537153244,15.093175684839235
