step,action,reward,state,dwa_vel,dwa_ang,min_obstacle,goal_dist
0,0,-13.921811139259034,"[3.2441722671662507, 3.2417118466418535, 3.2345891608357076, 0.35188549757003784, 0.35416948795318604, 0.3589392304420471, -2.1988921659546534, -2.2054462409649505, -2.2251084659958416, 15.032420056154244, 0.15413153257851508, 0.5, 0.37052631378173834]",0.5,0.37052631378173834,0.35188549757003784,15.032420056154244
