step,action,reward,state,dwa_vel,dwa_ang,min_obstacle,goal_dist
0,0,-8.92046327122652,"[3.339421206590445, 3.3286328600197512, 3.3202586771744547, 0.32781198620796204, 0.3346636891365051, 0.3397729694843292, 2.080918815769307, 2.120243265831089, 2.146459565872277, 15.047870781559348, 0.1668205250788679, 0.5, 0.5726315379142761]",0.5,0.5726315379142761,0.32781198620796204,15.047870781559348
