step,action,reward,state,dwa_vel,dwa_ang,min_obstacle,goal_dist
0,0,-11.935798070051446,"[3.4011461322266396, 3.398802187629323, 3.397165731455458, 0.3468611538410187, 0.3486279547214508, 0.3496798276901245, 2.1726758659134653, 2.1792299409237623, 2.1923380909443564, 15.03080914378696, 0.157469228880442, 0.5, 0.10105262696743013]",0.5,0.10105262696743013,0.3468611538410187,15.03080914378696
