step,action,reward,state,dwa_vel,dwa_ang,min_obstacle,goal_dist
0,0,-14.752496623369225,"[3.213267928997399, 0.07410445986595456, 0.07282401874036507, 0.39964380860328674, 2.3234641551971436, 2.324423313140869, 2.349635891191485, 0.036047412556633684, 0.02949333754633665, 15.038866468720446, -0.15114535035760657, 0.5, -0.16842104494571689]",0.5,-0.16842104494571689,0.39964380860328674,15.038866468720446
