step,action,reward,state,dwa_vel,dwa_ang,min_obstacle,goal_dist
0,3,0.46450257747633533,"[0.00048165230273337683, 0.0008868207300327076, 0.0007620931793248788, 2.405550956726074, 2.4057528972625732, 2.406064987182617, -1.5697009649661386, -1.5434846649249505, -1.5565928149455446, 14.876069300692846, 0.12215579619032768, 0.5, 0.5726315379142761]",0.5,0.5726315379142761,2.405550956726074,14.876069300692846
1,0,0.14991586760064346,"[-0.010010774806543245, -0.01746498187873445, -0.022186306200411402, 2.4065256118774414, 2.4074532985687256, 2.4082250595092773, -1.5434846649249505, -1.5238224398940594, -1.5631468899558416, 14.851731993459145, 0.11879373433379037, 0.5, 0.5726315379142761]",0.5,0.5726315379142761,2.4065256118774414,14.851731993459145
2,0,0.15373417587914784,"[-0.10713729735425913, -0.09828303463868046, -0.09316494986097107, 2.4171910285949707, 2.4172372817993164, 2.417499542236328, -1.5893631899970297, -1.5697009649661386, -1.5565928149455446, 14.826906633042901, 0.10458272476670372, 0.5, 0.5726315379142761]",0.5,0.5726315379142761,2.4171910285949707,14.826906633042901
3,0,-8.85123257682511,"[20.57815787816155, 20.573016929264277, 20.538104841531634, 0.3140634000301361, 0.3146350681781769, 0.3184654116630554, 2.0088239906560394, 2.0022699156457424, 2.0219321406766335, 14.80705503383901, 0.07967887616446312, 0.5, 0.43789473176002497]",0.5,0.43789473176002497,0.3140634000301361,14.80705503383901
