step,action,reward,state,dwa_vel,dwa_ang,min_obstacle,goal_dist
0,0,-8.968744885809635,"[3.3042045662311406, 3.3035980231216544, 3.302951644116483, 0.3184368312358856, 0.3189857304096222, 0.31951311230659485, 2.0350402906972276, 2.0415943657075246, 2.0219321406766335, 15.001279201884659, 0.27441537465465116, 0.5, 0.6399999856948854]",0.5,0.6399999856948854,0.3184368312358856,15.001279201884659
