step,action,reward,state,dwa_vel,dwa_ang,min_obstacle,goal_dist
0,11,-14.839212110903045,"[3.432341839132914, 3.431762445299312, 3.4313128928263774, 0.3285350501537323, 0.3291381001472473, 0.3294470012187958, -2.087472890779604, -2.094026965789901, -2.100581040800198, 15.143710939501588, 1.031154229660875, 0.5, 0.5726315379142761]",0.5,0.5726315379142761,0.3285350501537323,15.143710939501588
