step,action,reward,state,dwa_vel,dwa_ang,min_obstacle,goal_dist
0,0,-9.309064846899886,"[3.3416324652822937, 3.3414099739947294, 3.341644634314187, 0.30587664246559143, 0.30626967549324036, 0.3062705397605896, 1.9563913905736632, 1.936729165542772, 1.9432832405530691, 15.01054679077317, 0.2823981303930232, 0.5, 0.5726315379142761]",0.5,0.5726315379142761,0.30587664246559143,15.01054679077317
