step,action,reward,state,dwa_vel,dwa_ang,min_obstacle,goal_dist
0,0,-13.275223393481575,"[3.4633552241992995, 3.459380000904926, 3.4618235482293622, 0.31241992115974426, 0.3148746192455292, 0.31529122591018677, 1.9891617656251483, 2.0022699156457424, 2.0088239906560394, 15.075713277787314, 0.20477933964731632, 0.5, 0.43789473176002497]",0.5,0.43789473176002497,0.31241992115974426,15.075713277787314
