step,action,reward,state,dwa_vel,dwa_ang,min_obstacle,goal_dist
0,10,-7.292585527722311,"[0.0016846989073490458, 0.0004964267126426094, -1.1819683634347843e-05, 2.410294532775879, 2.411435604095459, 2.4118785858154297, 1.5697009649661386, 1.5565928149455446, 1.6024713400176238, 15.060738082838533, -0.21907472474279244, 0.5, -0.30315789580345154]",0.5,-0.30315789580345154,2.410294532775879,15.060738082838533
1,0,0.31937389401735405,"[0.018158055528687937, 0.026315851555477967, 0.026799468728841747, 2.408459424972534, 2.408776044845581, 2.409170150756836, 1.5697009649661386, 1.5828091149867327, 1.5500387399352475, 15.022239770067015, -0.2231136576284074, 0.5, -0.30315789580345154]",0.5,-0.30315789580345154,2.408459424972534,15.022239770067015
2,0,0.30010759828056455,"[0.05944450089920619, 0.05269513719688716, 0.048913981061134204, 2.4024622440338135, 2.4034597873687744, 2.404235363006592, 1.5762550399764357, 1.5631468899558416, 1.5828091149867327, 14.972294277383325, -0.23191693543408176, 0.5, -0.30315789580345154]",0.5,-0.30315789580345154,2.4024622440338135,14.972294277383325
3,0,0.24829131372410584,"[-0.01242073764457216, -0.009708599520269789, -0.005362528795687178, 2.4037091732025146, 2.4044344425201416, 2.404773712158203, 1.5631468899558416, 1.5697009649661386, 1.5893631899970297, 14.929520428780014, -0.21728191741257774, 0.5, -0.03368420898914337]",0.5,-0.03368420898914337,2.4037091732025146,14.929520428780014
4,0,-8.800508672756866,"[20.563927615737693, 20.5289073816287, 20.52080962301774, 0.31867608428001404, 0.32295215129852295, 0.3241124749183655, 2.0350402906972276, 2.0481484407178217, 2.0612565907384157, 14.894399464143834, -0.18275301014612566, 0.5, -0.03368420898914337]",0.5,-0.03368420898914337,0.31867608428001404,14.894399464143834
