step,action,reward,state,dwa_vel,dwa_ang,min_obstacle,goal_dist
0,0,-14.08429926470756,"[3.3822200684964088, 3.3833722787740412, 3.3813288818595506, 0.3091024160385132, 0.31128495931625366, 0.31255096197128296, 1.9629454655839602, 1.9826076906148513, -1.9957158406354456, 15.042307400347584, -0.048690305264160294, 0.5, -0.37052631378173834]",0.5,-0.37052631378173834,0.3091024160385132,15.042307400347584
