step,action,reward,state,dwa_vel,dwa_ang,min_obstacle,goal_dist
0,0,-14.457642115932215,"[3.2906737768300176, 3.289923930481021, 3.2890106151734537, 0.31962189078330994, 0.32026904821395874, 0.32174357771873474, 2.0415943657075246, 2.0350402906972276, 2.0481484407178217, 15.044287635417676, -0.18083015185360507, 0.5, -0.30315789580345154]",0.5,-0.30315789580345154,0.31962189078330994,15.044287635417676
