step,action,reward,state,dwa_vel,dwa_ang,min_obstacle,goal_dist
0,0,-14.054214660285503,"[3.284838589481177, 3.286144272865875, 3.282886378153572, 0.3537786602973938, 0.35469454526901245, 0.35760682821273804, 2.1988921659546534, 2.2054462409649505, 2.2120003159752475, 15.035593745678728, -0.2293618637341468, 0.5, -0.37052631378173834]",0.5,-0.37052631378173834,0.3537786602973938,15.035593745678728
