step,action,reward,state,dwa_vel,dwa_ang,min_obstacle,goal_dist
0,14,-1.01,"[21.059860229492188, 21.042224884033203, 21.023399353027344, 0.31351080536842346, 0.3165327310562134, 0.31860432028770447, 2.002269983291626, 2.008823871612549, 2.0350403785705566, 15.062135696411133, 0.571800172328949, 0.5, 0.6399999856948853]",0.5,0.6399999856948854,0.31351080536842346,15.062135403646364
