step,action,reward,state,dwa_vel,dwa_ang,min_obstacle,goal_dist
0,14,-0.01,"[-0.002224445343017578, 0.0047588348388671875, 2.86102294921875e-05, 2.420893430709839, 2.4212241172790527, 2.4222633838653564, 1.5565928220748901, 1.5500386953353882, 1.5697009563446045, 14.888888359069824, -0.2021721750497818, 0.5, -0.5726315379142761]",0.5,-0.5726315379142761,2.420893430709839,14.888888239115238
1,14,-0.01,"[0.023396015167236328, 0.016252994537353516, 0.017707347869873047, 2.4185538291931152, 2.4195988178253174, 2.420492649078369, 1.5697009563446045, 1.5500386953353882, 1.5828090906143188, 14.854999542236328, -0.20364023745059967, 0.5, -0.5726315379142761]",0.5,-0.5726315379142761,2.4185538291931152,14.854999607210134
2,14,-1.01,"[20.5378475189209, 20.447484970092773, 20.43426513671875, 0.3031556308269501, 0.3135078251361847, 0.31576329469680786, 1.9170669317245483, 2.008823871612549, 2.0284862518310547, 14.79305362701416, -0.21588224172592163, 0.5, -0.5726315379142761]",0.5,-0.5726315379142761,0.3031556308269501,14.793053579284088
