step,action,reward,state,dwa_vel,dwa_ang,min_obstacle,goal_dist
0,14,-0.01,"[0.9274053573608398, 0.9286785125732422, 0.9194827079772949, 2.3072338104248047, 2.307298421859741, 2.308220863342285, 0.08848001062870026, 0.08192593604326248, 0.07537186145782471, 14.969693183898926, -0.19489265978336334, 0.5, -0.437894731760025]",0.5,-0.43789473176002497,2.301302909851074,14.96969291768634
1,14,-0.01,"[0.2951692044734955, 0.2753266990184784, 0.2782368063926697, 2.2771265506744385, 2.279215097427368, 2.2798407077789307, 0.042601488530635834, 0.04915556311607361, 0.06226371228694916, 14.928462982177734, -0.17674019932746887, 0.5, -0.437894731760025]",0.5,-0.43789473176002497,2.2771265506744385,14.928462749798062
2,14,-0.01,"[0.26955604553222656, 0.28058528900146484, 0.28125762939453125, 2.250170946121216, 2.2511565685272217, 2.2517149448394775, 0.016385188326239586, 0.02293926291167736, 0.029493337497115135, 14.861162185668945, -0.17476801574230194, 0.5, -0.437894731760025]",0.5,-0.43789473176002497,2.250170946121216,14.861162236364727
3,14,-1.01,"[18.69389533996582, 18.688274383544922, 18.663562774658203, 0.3807813823223114, 0.38232913613319397, 0.38535863161087036, 2.297203302383423, -2.303757429122925, 2.3103115558624268, 14.787429809570312, -0.18292486667633057, 0.5, -0.437894731760025]",0.5,-0.43789473176002497,0.3807813823223114,14.787429553821678
