step,action,reward,state,dwa_vel,dwa_ang,min_obstacle,goal_dist
0,14,-0.01,"[0.014004707336425781, 0.012238025665283203, 0.01714468002319336, 2.4168996810913086, 2.4172816276550293, 2.4179515838623047, -1.517268419265747, -1.5434846878051758, -1.5107142925262451, 14.896455764770508, -0.4085320830345154, 0.5, -0.6399999856948853]",0.5,-0.6399999856948854,2.4168996810913086,14.896455723683687
1,14,-0.01,"[0.06227445974946022, 0.06533849239349365, 0.06943409889936447, 2.4106099605560303, 2.410682439804077, 2.4109387397766113, -1.5434846878051758, -1.5303765535354614, -1.5107142925262451, 14.863333702087402, -0.40159571170806885, 0.5, -0.6399999856948853]",0.5,-0.6399999856948854,2.4106099605560303,14.863333526043462
2,14,-1.01,"[18.80677604675293, 18.734392166137695, 18.68695640563965, 0.3794781565666199, 0.3873680531978607, 0.3927474021911621, 2.290649175643921, 2.3103115558624268, 2.3234195709228516, 14.79122257232666, -0.36627787351608276, 0.5, -0.6399999856948853]",0.5,-0.6399999856948854,0.3794781565666199,14.791222743630597
