step,action,reward,state,dwa_vel,dwa_ang,min_obstacle,goal_dist
0,14,-1.01,"[21.087684631347656, 21.091405868530273, 21.104299545288086, 0.30170875787734985, 0.30176016688346863, 0.3021407723426819, 1.8908506631851196, 1.910512924194336, 1.9170669317245483, 14.95974349975586, -0.031500644981861115, 0.5, 0.30315789580345154]",0.5,0.30315789580345154,0.30170875787734985,14.95974352412422
