step,action,reward,state,dwa_vel,dwa_ang,min_obstacle,goal_dist
0,14,-0.01,"[20.861146926879883, 20.858091354370117, 20.851350784301758, 0.2931961417198181, 0.29362237453460693, 0.29462969303131104, 1.812201738357544, 1.8384180068969727, 1.8253098726272583, 14.895130157470703, -0.16825440526008606, 0.5, 0.2357894629240036]",0.5,0.23578946292400357,0.2931961417198181,14.895130627064816
1,13,-0.01,"[0.0817367434501648, 0.07102310657501221, 0.0767672061920166, 0.28502246737480164, 0.2865200638771057, 0.2869529724121094, 1.6680121421813965, 1.6745661497116089, 1.6811202764511108, 14.85760498046875, -0.24938324093818665, 0.5, 0.2357894629240036]",0.5,0.23578946292400357,0.28502246737480164,14.857604749323812
2,7,-0.01,"[-0.03235548734664917, -0.03785461187362671, -0.05094170570373535, 0.28825801610946655, 0.2903055250644684, 0.2920471429824829, 1.6811202764511108, 1.7532150745391846, -1.7728773355484009, 14.781710624694824, -0.36687153577804565, 0.5, 0.03368420898914337]",0.5,0.03368420898914337,0.28825801610946655,14.78171086191599
3,13,-1.01,"[-0.12769818305969238, -0.1232004165649414, -0.1345539093017578, 0.3010278344154358, 0.3026255667209625, 0.3055025339126587, 1.903958797454834, 1.9236210584640503, 1.9367291927337646, 14.72791576385498, -0.42750146985054016, 0.5, 0.03368420898914337]",0.5,0.03368420898914337,0.3010278344154358,14.727915577069858
