step,action,reward,state,dwa_vel,dwa_ang,min_obstacle,goal_dist
0,14,-0.01,"[0.009634915739297867, -0.0011172948870807886, -0.005993188824504614, 2.382115602493286, 2.3835837841033936, 2.3841025829315186, -1.4976061582565308, -1.517268419265747, -1.5500386953353882, 15.070256233215332, 0.5786400437355042, 0.5, 0.6399999856948853]",0.5,0.6399999856948854,2.382115602493286,15.070256429333229
1,14,-0.01,"[-0.003211498260498047, 0.0013589859008789062, 0.004351139068603516, 2.382436752319336, 2.3834478855133057, 2.383667469024658, -1.5238224267959595, -1.5303765535354614, -1.5107142925262451, 15.046185493469238, 0.5774444341659546, 0.0, 0.5726315379142761]",0.0,0.5726315379142761,2.382436752319336,15.046185831588488
2,14,-0.01,"[0.048584938049316406, 0.05805253982543945, 0.05721330642700195, 2.3775782585144043, 2.3776426315307617, 2.377946138381958, -1.4976061582565308, -1.4910520315170288, -1.4844980239868164, 14.981237411499023, 0.5852835774421692, 0.0, 0.5726315379142761]",0.0,0.5726315379142761,2.3775782585144043,14.981237651750634
3,14,-0.01,"[20.300504684448242, 20.299715042114258, 20.29450035095215, 0.28662633895874023, 0.2867720127105713, 0.28761252760887146, 1.6549038887023926, 1.6483498811721802, 1.6942284107208252, 14.925362586975098, 0.5600058436393738, 0.0, 0.6399999856948853]",0.0,0.6399999856948854,0.28662633895874023,14.92536223977485
4,13,-1.01,"[0.014839820563793182, 0.012131859548389912, 0.019762123003602028, 0.2850978374481201, 0.2855224311351776, 0.28557702898979187, 1.6024713516235352, 1.6352417469024658, 1.6614580154418945, 14.858360290527344, 0.4517737925052643, 0.0, 0.6399999856948853]",0.0,0.6399999856948854,0.33531454205513,14.858360331642386
