step,action,reward,state,dwa_vel,dwa_ang,min_obstacle,goal_dist
0,14,-1.01,"[20.905040740966797, 20.80068016052246, 20.732166290283203, 0.31007683277130127, 0.3211151659488678, 0.32864072918891907, 1.9826077222824097, 2.0481483936309814, 2.087472915649414, 14.965851783752441, 0.23529714345932007, 0.0, 0.0]",0.0,0.0,0.31007683277130127,14.965851869201854
