step,action,reward,state,dwa_vel,dwa_ang,min_obstacle,goal_dist
0,14,-1.01,"[20.09845542907715, 20.085351943969727, 20.006105422973633, 0.3446446657180786, 0.34622976183891296, 0.35483378171920776, 2.172675848007202, 2.1661217212677, 2.205446243286133, 14.860566139221191, -0.12479308992624283, 0.5, 0.10105262696743011]",0.5,0.10105262696743013,0.3446446657180786,14.860565858235358
