step,action,reward,state,dwa_vel,dwa_ang,min_obstacle,goal_dist
0,3,0.07569619522341962,"[-0.0009647955849191275, -0.0003387801788806561, -0.0014401108649282246, 2.421104669570923, 2.4215354919433594, 2.4225404262542725, -1.6090254150279208, -1.5697009649661386, -1.5500387399352475, 15.142244098537121, 0.19547302740958195, 0.5, 0.43789473176002497]",0.5,0.43789473176002497,2.421104669570923,15.142244098537121
1,0,0.13634032383366135,"[-0.02300508478963183, -0.02237213318807604, -0.01920972816022852, 2.423435688018799, 2.423802375793457, 2.4244868755340576, -1.5762550399764357, -1.6090254150279208, 1.5303765149043564, 15.117707821870448, 0.18866114749842344, 0.5, 0.43789473176002497]",0.5,0.43789473176002497,2.423435688018799,15.117707821870448
2,0,0.1395028906251396,"[0.07913365939608964, 0.08128586510769407, 0.08707695033168865, 2.4155547618865967, 2.4157071113586426, 2.4158148765563965, 1.5041602148631683, 1.5565928149455446, 1.5500387399352475, 15.093127158746421, 0.17329217811457287, 0.5, 0.43789473176002497]",0.5,0.43789473176002497,2.4155547618865967,15.093127158746421
3,0,-8.85263654239024,"[19.960600486298127, 19.935063060898003, 19.90209922225285, 0.3956969678401947, 0.39843350648880005, 0.40187695622444153, 2.336527741170891, 2.343081816181188, 2.349635891191485, 15.068472678476017, 0.13472751465524668, 0.5, 0.5726315379142761]",0.5,0.5726315379142761,0.3956969678401947,15.068472678476017
