step,action,reward,state,dwa_vel,dwa_ang,min_obstacle,goal_dist
0,7,-0.15687252967195098,"[3.4083847827370914, 3.40672779072135, 3.405124129417415, 0.31270042061805725, 0.3141670227050781, 0.31582286953926086, 1.9957158406354454, 2.0022699156457424, 2.0088239906560394, 15.09895917616734, 0.5916954221476649, 0.25, 0.6399999856948854]",0.25,0.6399999856948854,0.31270042061805725,15.09895917616734
