step,action,reward,state,dwa_vel,dwa_ang,min_obstacle,goal_dist
0,12,-1.36567213139361,"[0.012196006320457876, 0.011015330363873197, 0.011087064660040195, 2.4143478870391846, 2.415579319000244, 2.4156219959259033, 1.5762550399764357, 1.5434846649249505, 1.5631468899558416, 14.960658088698988, 0.1656332222716923, 0.5, 0.37052631378173834]",0.5,0.37052631378173834,2.4143478870391846,14.960658088698988
1,6,-0.019559320470242378,"[19.318680233668385, 19.327012319236847, 19.32515314957554, 0.29182374477386475, 0.2921397387981415, 0.2923866808414459, 1.7728772902853471, 1.8056476653368323, 1.7925395153162382, 14.921974406444557, 0.1116232319491619, 0.5, 0.37052631378173834]",0.5,0.37052631378173834,0.29182374477386475,14.921974406444557
2,5,-0.007371633617398787,"[0.07302033067476171, 0.057014011197502754, 0.051217477841258935, 0.28452882170677185, 0.28644388914108276, 0.2872699201107025, 1.6745661651308916, -1.7007824651720793, -1.6811202401411882, 14.850515205974622, 0.03402467704732404, 0.5, 0.30315789580345154]",0.5,0.30315789580345154,0.28452882170677185,14.850515205974622
3,13,-0.10783702651964741,"[-0.26740259461419547, -0.2613949749031433, -0.25457057417409396, 0.3112528622150421, 0.3125675320625305, 0.31271153688430786, 1.9826076906148513, 1.9891617656251483, 1.9957158406354454, 14.79947705544209, 0.0007220357182715631, 0.5, 0.30315789580345154]",0.5,0.30315789580345154,0.3112528622150421,14.79947705544209
