step,action,reward,state,dwa_vel,dwa_ang,min_obstacle,goal_dist
0,14,-7.315564736322692,"[-0.03497078738634165, -0.033688914683691236, -0.0335507835171213, 2.417609214782715, 2.4177019596099854, 2.4179494380950928, -1.5697009649661386, -1.5369305899146535, -1.5303765149043564, 15.041338732728686, 0.1661201641242216, 0.0, 0.0]",0.0,0.0,2.417609214782715,15.041338732728686
1,4,-0.1786865506813618,"[21.093347047164, 21.09136314207735, 21.086795996259433, 0.30411750078201294, 0.3044090270996094, 0.30511412024497986, 1.923621015522178, 1.930175090532475, 1.936729165542772, 15.02141153451224, 0.11300299579170403, 0.5, 0.43789473176002497]",0.5,0.43789473176002497,0.30411750078201294,15.02141153451224
