step,action,reward,state,dwa_vel,dwa_ang,min_obstacle,goal_dist
0,14,-0.12862157566369736,"[0.0005746629237894401, 0.0016386505442660736, 0.001112528630388003, 2.377223253250122, 2.3777432441711426, 2.3782832622528076, -1.4779439148219802, -1.4976061398528713, -1.4910520648425742, 14.973711656288454, 0.20077458404678694, 0.5, 0.5052631497383119]",0.5,0.5052631497383119,2.377223253250122,14.973711656288454
1,14,0.07692491838804166,"[0.006713005048739213, -0.0014498226181652051, 0.0006340060323809257, 2.3765366077423096, 2.3778915405273438, 2.378218412399292, -1.4844979898322772, -1.451727614780792, -1.4713898398116831, 14.929432204417257, 0.20047653588788883, 0.5, 0.5052631497383119]",0.5,0.5052631497383119,2.3765366077423096,14.949820726261283
2,14,0.10877823920213703,"[0.07514985727878211, 0.07682921027592769, 0.0782278782112274, 2.369004249572754, 2.3701908588409424, 2.370377540588379, -1.464835764801386, -1.4713898398116831, -1.4844979898322772, 14.860818923797984, 0.21445324059025017, 0.5, 0.5052631497383119]",0.5,0.5052631497383119,2.369004249572754,14.860818923797984
3,14,0.10135492752787392,"[0.025988733097246614, 0.03244752828721965, 0.022644171249244234, 2.366421699523926, 2.366966485977173, 2.3681273460388184, -1.464835764801386, -1.4713898398116831, -1.5041602148631683, 14.786638363431956, 0.21470705310279703, 0.5, 0.5726315379142761]",0.5,0.5726315379142761,2.366421699523926,14.786638363431956
4,14,-0.09825882064842076,"[20.09653798156508, 20.069390248445323, 20.078672897783758, 0.308467835187912, 0.31179264187812805, 0.31200292706489563, 1.9563913905736632, 1.9891617656251483, 1.9826076906148513, 14.71367965214668, 0.19476352582117373, 0.5, 0.5726315379142761]",0.5,0.5726315379142761,0.308467835187912,14.71367965214668
