step,action,reward,state,dwa_vel,dwa_ang,min_obstacle,goal_dist
0,14,-1.4226055077585391,"[0.13001826613980128, 0.12828561458639962, 0.12778812057601696, 2.330545663833618, 2.3317294120788574, 2.3321170806884766, 0.12780446270079215, 0.1343585377110892, 0.14091261272138622, 14.883805649177008, -0.03627800904400047, 0.5, 0.03368420898914337]",0.5,0.03368420898914337,2.330545663833618,14.883805649177008
1,11,0.09494594459239826,"[0.2024641332477541, 0.20787298338742946, 0.21071674116779085, 2.3094124794006348, 2.3100316524505615, 2.310122489929199, 0.11469631268019809, 0.12780446270079215, 0.12125038769049512, 14.840644846241846, -0.03268913750365732, 0.5, 0.03368420898914337]",0.5,0.03368420898914337,2.3094124794006348,14.840644846241846
2,11,0.10939114207094985,"[0.3837186659326235, 0.388906652306346, 0.38346143027831936, 2.271358013153076, 2.2714626789093018, 2.2720935344696045, 0.08192593762871292, 0.08848001263900995, 0.07537186261841589, 14.769923107888783, -0.019394542111632607, 0.5, 0.03368420898914337]",0.5,0.03368420898914337,2.271358013153076,14.769923107888783
3,11,0.11202810727669558,"[0.5022393981109708, 0.49535151619440937, 0.5015104584910711, 2.2212555408477783, 2.2220473289489746, 2.2220637798309326, 0.08192593762871292, 0.09503408764930699, 0.07537186261841589, 14.694759520867084, 0.011073724683075437, 0.5, 0.03368420898914337]",0.5,0.03368420898914337,2.2212555408477783,14.694759520867084
4,11,-0.08806404038391819,"[18.99327874338665, 18.999352559842393, 18.992630416324715, 0.30658289790153503, 0.3067623972892761, 0.30745649337768555, 1.9498373155633661, 1.936729165542772, 1.9432832405530691, 14.619778570415026, 0.01109031219894785, 0.5, 0.37052631378173834]",0.5,0.37052631378173834,0.30658289790153503,14.619778570415026
