step,action,reward,state,dwa_vel,dwa_ang,min_obstacle,goal_dist
0,12,-2.132068174435441,"[-0.2588467905816262, -0.26011235514268005, -0.2602210226514872, 2.410085678100586, 2.4115049839019775, 2.4117300510406494, -1.5041602148631683, -1.4713898398116831, -1.458281689791089, 14.949642360847468, -0.01999660208687848, 0.5, -0.43789473176002497]",0.5,-0.43789473176002497,2.410085678100586,14.949642360847468
1,11,-0.10808411361543763,"[19.940481999873192, 19.909564025108242, 19.89154917936269, 0.310601145029068, 0.31527572870254517, 0.3173975348472595, 1.9957158406354454, 2.0022699156457424, 2.0219321406766335, 14.91114763586148, 0.04662952216862948, 0.5, -0.43789473176002497]",0.5,-0.43789473176002497,0.310601145029068,14.91114763586148
