step,action,reward,state,dwa_vel,dwa_ang,min_obstacle,goal_dist
0,14,-0.14231375257565784,"[-0.0008553111684806064, 0.0001471292147615722, -0.00017812443600467674, 2.423574686050415, 2.423837900161743, 2.424332857131958, -1.5631468899558416, 1.6024713400176238, -1.5762550399764357, 14.840678463449871, 0.025909463453008375, 0.5, -0.03368420898914337]",0.5,-0.03368420898914337,2.423574686050415,14.840678463449871
1,10,0.0913465469436567,"[-0.00045890706324846245, 0.0013444362707228823, 0.0017157128394816887, 2.4236221313476562, 2.423698902130127, 2.4241554737091064, -1.5500387399352475, 1.5762550399764357, -1.5631468899558416, 14.805398078987235, 0.02587290575322765, 0.5, -0.03368420898914337]",0.5,-0.03368420898914337,2.4236221313476562,14.805398078987235
2,10,0.11355567505025548,"[0.004569397177725272, -0.004233412091127826, -0.0005635878871957167, 2.42311954498291, 2.4241645336151123, 2.424217462539673, -1.5565928149455446, 1.5565928149455446, -1.5697009649661386, 14.72568640831568, 0.026003205710443567, 0.5, 0.03368420898914337]",0.5,0.03368420898914337,2.42311954498291,14.72568640831568
3,10,-0.09618594560731838,"[21.280618098895822, 21.281740878540568, 21.28068050888142, 0.30941832065582275, 0.31035178899765015, 0.3105100393295288, 1.9760536156045543, 1.9891617656251483, 1.9694995405942572, 14.665503716828484, 0.02554582701832464, 0.5, 0.03368420898914337]",0.5,0.03368420898914337,0.30941832065582275,14.665503716828484
