step,action,reward,state,dwa_vel,dwa_ang,min_obstacle,goal_dist
0,10,-0.17068796410241688,"[3.421416766548757, 3.421340515099249, 3.4156562984184524, 0.3253704905509949, 0.32594260573387146, 0.3298276364803314, 2.080918815769307, 2.07436474075901, 2.100581040800198, 15.110584970312074, -0.8139825580097533, 0.0, 0.43789473176002497]",0.0,0.43789473176002497,0.3253704905509949,15.110584970312074
