step,action,reward,state,dwa_vel,dwa_ang,min_obstacle,goal_dist
0,3,-0.046682883289262254,"[3.769986081678692, 3.7706963224362022, 3.7714308534155103, 0.10097485780715942, 0.10105378180742264, 0.10107579827308655, 0.38341338810237646, 0.37685931309207943, 0.43584598818475273, 15.16819810332165, 0.7009072860666281, 0.0, 0.6399999856948854]",0.0,0.6399999856948854,0.10097485780715942,15.16819810332165
1,13,-0.12122780666423646,"[-1.7705563963823268, -1.7728546907798943, -1.7739482520244914, 0.2847793996334076, 0.2850969135761261, 0.28523245453834534, -1.5303765149043564, -1.6024713400176238, -1.5959172650073268, 15.183075169190042, 0.61578547460081, 0.0, 0.6399999856948854]",0.0,0.6399999856948854,0.2847793996334076,15.183075169190042
2,1,-0.21030259943407767,"[-0.49942111004884326, -0.51458228815645, -0.5271803178599825, 0.3350960612297058, 0.33694106340408325, 0.33834585547447205, -2.126797340841386, -2.133351415851683, -2.13990549086198, 15.198554822262812, 0.551255457953852, 0.0, 0.6399999856948854]",0.0,0.6399999856948854,0.3350960612297058,15.198554822262812
