step,action,reward,state,dwa_vel,dwa_ang,min_obstacle,goal_dist
0,12,-0.6847268386925802,"[0.0005090533783269164, 0.00012007442282673066, 0.00013017777232024198, 2.423790454864502, 2.424161672592163, 2.424205780029297, -1.6024713400176238, 1.5959172650073268, -1.5959172650073268, 14.902793146795148, 0.014322650920054247, 0.5, 0.10105262696743013]",0.5,0.10105262696743013,2.423790454864502,14.902793146795148
1,10,0.08980593828109217,"[-0.0015085805056529393, -0.0015739603991563572, -0.0011259870547810863, 2.4239389896392822, 2.424316644668579, 2.424316644668579, -1.5631468899558416, 1.5565928149455446, -1.5828091149867327, 14.87174606200584, 0.014352082271228639, 0.5, 0.10105262696743013]",0.5,0.10105262696743013,2.4239389896392822,14.87174606200584
2,10,0.11471895483865992,"[0.0024733697314455122, 0.00318623968325454, -0.0006911948519229426, 2.423694133758545, 2.4240012168884277, 2.4243850708007812, -1.5828091149867327, -1.5500387399352475, -1.5369305899146535, 14.790864536053821, 0.014436162746996661, 0.5, 0.10105262696743013]",0.5,0.10105262696743013,2.423694133758545,14.790864536053821
3,14,0.11224563879752866,"[0.007375523499302001, 0.010120986505351327, 0.011177291763610982, 2.422938346862793, 2.422964096069336, 2.4232397079467773, -1.5631468899558416, -1.5893631899970297, -1.5762550399764357, 14.714918189948618, 0.014550685101459404, 0.5, 0.16842104494571689]",0.5,0.16842104494571689,2.422938346862793,14.714918189948618
4,14,-0.08882453725971723,"[21.094293483465652, 21.067199515892703, 21.04239949147186, 0.32233235239982605, 0.32505616545677185, 0.3278014063835144, 2.0547025157281187, 2.0678106657487128, 2.087472890779604, 14.640681376456572, 0.018858880114805743, 0.5, 0.16842104494571689]",0.5,0.16842104494571689,0.32233235239982605,14.640681376456572
