step,action,reward,state,dwa_vel,dwa_ang,min_obstacle,goal_dist
0,7,-0.007698044840825757,"[3.477904458954625, 3.4786664646936187, 3.4769805709589177, 0.29276806116104126, 0.2928648889064789, 0.29453912377357483, -1.7925395153162378, -1.7859854403059408, -1.7990935903265348, 15.046665624428256, 0.13221617851648437, 0.5, 0.16842104494571689]",0.5,0.16842104494571689,0.29276806116104126,15.046665624428256
1,2,-0.1455382517194586,"[-0.24478389478372262, -0.25757493147351457, -0.3383974444327109, 0.3181900084018707, 0.3196152448654175, 0.3296832740306854, 2.0219321406766335, 2.0481484407178217, 2.087472890779604, 15.009815108063181, 0.1176701980399173, 0.5, 0.16842104494571689]",0.5,0.16842104494571689,0.3181900084018707,15.009815108063181
