step,action,reward,state,dwa_vel,dwa_ang,min_obstacle,goal_dist
0,4,0.004932930830635708,"[-0.0012928787483574777, -0.0020010365678957633, -0.0027001347991243907, 2.4215636253356934, 2.422096014022827, 2.4229090213775635, -1.5631468899558416, -1.5500387399352475, -1.5565928149455446, 15.091003502651654, -0.010214870470686144, 0.5, 0.37052631378173834]",0.5,0.37052631378173834,2.4215636253356934,15.091003502651654
1,14,0.047714714409875264,"[0.0363101483264416, 0.04040404040404041, 0.04202925384188113, 2.417776346206665, 2.417881727218628, 2.418525218963623, 1.5303765149043564, 1.5369305899146535, 1.5828091149867327, 15.059331625155371, -0.02242448676532449, 0.5, 0.37052631378173834]",0.5,0.37052631378173834,2.417776346206665,15.059331625155371
2,6,-0.04340521798881604,"[20.893219194894453, 20.87008351450546, 20.872016211983077, 0.28691211342811584, 0.2893770635128021, 0.289823442697525, 1.7204446902029709, 1.7138906151926738, 1.7728772902853471, 15.020968342757751, -0.07173718375252403, 0.5, 0.37052631378173834]",0.5,0.37052631378173834,0.28691211342811584,15.020968342757751
3,5,-0.03495885643363725,"[0.010538522536683952, 0.009235607703337754, 0.0073970241144506585, 0.28583797812461853, 0.2884357273578644, 0.2890695035457611, 1.6614580151102976, 1.726998765213268, 1.7073365401823768, 14.974072780909744, -0.16813274715281867, 0.5, 0.37052631378173834]",0.5,0.37052631378173834,0.28583797812461853,14.974072780909744
4,13,-0.12825300122405617,"[-0.8423290002686676, -0.8753985036174173, -0.9140191713523576, 0.36955708265304565, 0.37544161081314087, 0.37991389632225037, 2.2644329160576238, 2.277541066078218, 2.284095141088515, 14.920065546485644, -0.26513236872212387, 0.5, 0.16842104494571689]",0.5,0.16842104494571689,0.36955708265304565,14.920065546485644
