step,action,reward,state,dwa_vel,dwa_ang,min_obstacle,goal_dist
0,4,0.025273070757374467,"[0.001931874790217251, 0.0032855281752776034, 0.0014372706687528916, 2.4166228771209717, 2.4170584678649902, 2.418222665786743, -1.5434846649249505, -1.5369305899146535, -1.5500387399352475, 15.090525796655857, 0.22632494944983694, 0.5, 0.5052631497383119]",0.5,0.5052631497383119,2.4166228771209717,15.090525796655857
1,14,0.036995336357917116,"[-0.016256999508303935, -0.015096978694761766, -0.007232228528874016, 2.4182467460632324, 2.4185664653778076, 2.418945074081421, -1.5565928149455446, -1.5631468899558416, -1.5697009649661386, 15.054312112703567, 0.22682940786402295, 0.5, 0.5052631497383119]",0.5,0.5052631497383119,2.4182467460632324,15.059860585592768
2,14,0.04774876228659807,"[0.0978598150446655, 0.09354185969267347, 0.08504143139345839, 2.407569646835327, 2.408360481262207, 2.4096665382385254, 0.14746668773168325, 0.16057483775227732, 0.1540207627419803, 15.015221108865907, 0.226737942727941, 0.5, 0.5052631497383119]",0.5,0.5052631497383119,2.407569646835327,15.023668753198567
3,11,0.06518539937718498,"[0.47161744782044357, 0.4675174563472889, 0.4803693071464438, 2.3600969314575195, 2.361300468444824, 2.3613128662109375, 0.10814223766990105, 0.10158816265960402, 0.11469631268019809, 14.96973787576132, 0.2220007868287759, 0.5, 0.5726315379142761]",0.5,0.5726315379142761,2.3600969314575195,14.96973787576132
4,11,-0.024120701763027996,"[19.438440968932664, 19.446756911052322, 19.438616929285164, 0.28596076369285583, 0.2862769663333893, 0.28715792298316956, 1.6942283901617827, 1.6745661651308916, 1.7073365401823768, 14.915394270457156, 0.1722500883021949, 0.5, 0.5726315379142761]",0.5,0.5726315379142761,0.28596076369285583,14.915394270457156
5,6,-0.029461807887517344,"[0.01694522541799363, 0.01461298268312102, 0.007740035330414013, 0.28433698415756226, 0.28487667441368103, 0.286416232585907, 1.641795790079406, 1.6549039401000005, 1.7073365401823768, 14.864400487185893, 0.09917399046297737, 0.5, 0.5726315379142761]",0.5,0.5726315379142761,0.28433698415756226,14.864400487185893
6,13,-0.11434484519053549,"[-0.5447937168445435, -0.5606672316493464, -0.5669782534056125, 0.3380567133426666, 0.34016162157058716, 0.3423234820365906, 2.133351415851683, 2.146459565872277, 2.153013640882574, 14.806593645557243, 0.02496532009721575, 0.5, 0.5726315379142761]",0.5,0.5726315379142761,0.3380567133426666,14.806593645557243
