step,action,reward,state,dwa_vel,dwa_ang,min_obstacle,goal_dist
0,12,-2.69143352844383,"[-0.0865871592790901, -0.08469943652624741, -0.08453235728940617, 2.398102283477783, 2.398165702819824, 2.398486852645874, -1.5238224398940594, -1.4779439148219802, -1.4976061398528713, 14.882538776946056, 0.2366481084978247, 0.5, -0.16842104494571689]",0.5,-0.16842104494571689,2.398102283477783,14.882538776946056
1,14,0.07721963159197866,"[0.2628934395145999, 0.26147830590933896, 0.2606689974749577, 2.3709957599639893, 2.3712050914764404, 2.371609687805176, -1.438619464760198, -1.445173539770495, -1.4779439148219802, 14.851506329884792, 0.2659318387730689, 0.5, -0.16842104494571689]",0.5,-0.16842104494571689,2.3709957599639893,14.851506329884792
2,14,0.09711592059157337,"[0.4258886556836587, 0.420354024706976, 0.42227796785601335, 2.32861590385437, 2.329375982284546, 2.3295891284942627, -1.3665246396469306, -1.3796327896675247, -1.3861868646778217, 14.77327006624855, 0.3400442245309545, 0.5, 0.16842104494571689]",0.5,0.16842104494571689,2.32861590385437,14.77327006624855
3,14,-0.10873011755112374,"[19.908117463443197, 19.867662076553827, 19.820304401927658, 0.31839776039123535, 0.32324281334877014, 0.3282378911972046, 2.0284862156869305, 2.07436474075901, 2.080918815769307, 14.703570650326553, 0.3715965102424472, 0.5, 0.16842104494571689]",0.5,0.16842104494571689,0.31839776039123535,14.703570650326553
