step,action,reward,state,dwa_vel,dwa_ang,min_obstacle,goal_dist
0,10,-3.1619930826660774,"[-0.0018858639288688302, 0.0004490525070401802, 0.0003805397008221928, 2.3976492881774902, 2.3980798721313477, 2.398465633392334, 1.5238224398940594, 1.5041602148631683, 1.4910520648425742, 14.975184879853861, -0.6403920404827272, 0.5, -0.5726315379142761]",0.5,-0.5726315379142761,2.3976492881774902,14.975184879853861
1,10,0.06164211292149896,"[-0.0064598849551941815, -0.005572409798659913, -0.0034027665870274486, 2.398308753967285, 2.398648738861084, 2.398813009262085, 1.5041602148631683, 1.5172683648837624, 1.4910520648425742, 14.937817067165636, -0.6408358684522786, 0.5, -0.5726315379142761]",0.5,-0.5726315379142761,2.398308753967285,14.937817067165636
2,10,0.06464298762090531,"[0.005338895436827972, -0.003379792280771606, -0.0033933657437465927, 2.3977460861206055, 2.3990049362182617, 2.3991706371307373, 1.458281689791089, 1.4779439148219802, 1.4910520648425742, 14.894284547092001, -0.6424654483182408, 0.5, -0.37052631378173834]",0.5,-0.37052631378173834,2.3977460861206055,14.894284547092001
3,10,-0.025976485310351877,"[21.753885250978918, 21.763004913636507, 21.759066200129293, 0.2877254784107208, 0.2880997657775879, 0.28864750266075134, 1.7138906151926738, 1.7204446902029709, 1.746660990244159, 14.833811358240865, -0.6242615947183938, 0.5, -0.37052631378173834]",0.5,-0.37052631378173834,0.2877254784107208,14.833811358240865
4,5,-0.13524593312310013,"[-0.4812865226410706, -20.42836221915246, -20.43566467053077, 0.3360702693462372, 2.3401100635528564, 2.3413913249969482, 2.126797340841386, -1.464835764801386, -1.451727614780792, 14.795417593205507, -0.42885631281559, 0.5, -0.16842104494571689]",0.5,-0.16842104494571689,0.3360702693462372,14.795417593205507
