step,action,reward,state,dwa_vel,dwa_ang,min_obstacle,goal_dist
0,8,-0.13100939517106974,"[0.0005960678445051375, 0.00026570749153205205, 0.0004884444836917099, 2.4234061241149902, 2.423797845840454, 2.4239675998687744, -1.5697009649661386, -1.5369305899146535, -1.5434846649249505, 14.991268183053638, 0.17233967437350994, 0.5, 0.5052631497383119]",0.5,0.5052631497383119,2.4234061241149902,14.991268183053638
1,14,0.06752640808788092,"[0.0034106745271934987, -0.0008259136815509495, -0.001477338557140431, 2.4230566024780273, 2.423882484436035, 2.424118995666504, -1.5697009649661386, -1.5631468899558416, -1.5369305899146535, 14.954950955827819, 0.17264411050057138, 0.5, 0.5052631497383119]",0.5,0.5052631497383119,2.4230566024780273,14.954950955827819
2,14,0.09485056393669183,"[-0.008651655912080971, -0.004838983070525159, -0.0029814079954675167, 2.4239449501037598, 2.424379348754883, 2.4244251251220703, -1.5369305899146535, -1.5697009649661386, 1.5697009649661386, 14.880065436732561, 0.173443912218739, 0.5, 0.5726315379142761]",0.5,0.5726315379142761,2.4239449501037598,14.880065436732561
3,12,0.004517818906865492,"[21.970088709499656, 21.964500892728122, 21.957045878143223, 0.2852432131767273, 0.28622156381607056, 0.2869930565357208, 1.6549039401000005, 1.6745661651308916, 1.6680120901205946, 14.80792927021904, 0.13100528699790637, 0.5, 0.5726315379142761]",0.5,0.5726315379142761,0.2852432131767273,14.80792927021904
4,5,-0.10038454402072242,"[-0.6591661800825972, -20.253592054220043, -20.255178574383535, 0.35172349214553833, 2.32889986038208, 2.32983136177063, 2.1923380909443564, 1.4058490897087133, 1.3992950146984162, 14.740063844185643, 0.026345140748411655, 0.5, 0.43789473176002497]",0.5,0.43789473176002497,0.35172349214553833,14.740063844185643
