step,action,reward,state,dwa_vel,dwa_ang,min_obstacle,goal_dist
0,0,-0.10841813301431366,"[3.293637627222867, 3.2856990732924527, 3.284527426392346, 0.39376088976860046, 0.3987584114074707, 0.4008895754814148, 2.336527741170891, 2.343081816181188, 2.349635891191485, 15.104269256978053, 0.16075957319194867, 0.5, 0.23578946292400357]",0.5,0.23578946292400357,0.39376088976860046,15.104269256978053
