step,action,reward,state,dwa_vel,dwa_ang,min_obstacle,goal_dist
0,13,-0.039912280754224996,"[-3.7015484597127477, -3.6983371185749205, -3.6980322555274405, 2.3778467178344727, 2.377878427505493, 2.377983331680298, -1.5303765149043564, -1.5369305899146535, -1.5238224398940594, 14.870053419354976, 0.02843765598922232, 0.5, 0.10105262696743013]",0.5,0.10105262696743013,2.3778467178344727,14.870053419354976
1,12,0.09421400428017597,"[0.004442137091518885, 0.004131513324239081, -0.00047571052471522533, 2.37735915184021, 2.377424955368042, 2.378035545349121, -1.4976061398528713, -1.5107142898734653, -1.5041602148631683, 14.828775297005736, 0.028501137888882866, 0.5, 0.10105262696743013]",0.5,0.10105262696743013,2.37735915184021,14.828775297005736
2,14,0.10840476779096711,"[0.007414177420604713, 0.00041709021456214643, 0.002958377587440798, 2.3765835762023926, 2.3773813247680664, 2.3777260780334473, -1.5041602148631683, -1.5172683648837624, -1.5238224398940594, 14.759103999572073, 0.028617618517288612, 0.5, 0.10105262696743013]",0.5,0.10105262696743013,2.3765835762023926,14.759103999572073
3,14,0.1111478577540953,"[0.012236778605647564, 0.016460091575738314, 0.01803736007627388, 2.3753442764282227, 2.3757143020629883, 2.375899314880371, -1.5172683648837624, -1.5107142898734653, -1.5041602148631683, 14.683934166111264, 0.028741179526180716, 0.5, 0.16842104494571689]",0.5,0.16842104494571689,2.3753442764282227,14.683934166111264
4,14,0.10355272989660101,"[-0.008527782594015496, -0.0080167544235876, -0.006394696257631202, 2.3762354850769043, 2.376552104949951, 2.3765676021575928, -1.4976061398528713, -1.5500387399352475, -1.5238224398940594, 14.623954491380243, 0.02874214937819497, 0.5, 0.16842104494571689]",0.5,0.16842104494571689,2.3762354850769043,14.623954491380243
5,14,0.019049560427664897,"[21.125423496182215, 21.10906697199327, 21.104233336463654, 0.28453195095062256, 0.2864680886268616, 0.2869621813297272, 1.6680120901205946, 1.6876743151514857, 1.6745661651308916, 14.53328501364761, -0.02570356877302471, 0.5, 0.23578946292400357]",0.5,0.23578946292400357,0.28453195095062256,14.53328501364761
6,5,-0.10343811987258619,"[-0.18628106391796995, -0.18949282658530475, -0.20560988659752777, 0.3034990429878235, 0.3057622015476227, 0.30789732933044434, 1.930175090532475, 1.9432832405530691, 1.9498373155633661, 14.464895450325038, -0.091058030677448, 0.5, 0.23578946292400357]",0.5,0.23578946292400357,0.3034990429878235,14.464895450325038
