step,action,reward,state,dwa_vel,dwa_ang,min_obstacle,goal_dist
0,14,-1.5481424810808913,"[0.16175697146754664, 0.16147625975295793, 0.1606577800907582, 2.3089942932128906, 2.3094749450683594, 2.3102099895477295, 0.04260148756693072, 0.036047412556633684, 0.055709637587524785, 14.969199114036615, -0.1453284680935778, 0.5, 0.0]",0.5,0.0,2.3089942932128906,14.969199114036615
1,11,0.08817856710197665,"[0.05736893038082769, 0.054465759663004494, 0.05402629931120852, 2.3029873371124268, 2.30377197265625, 2.3045530319213867, 0.022939262536039617, 0.016385187525742584, 0.02949333754633665, 14.929075623790425, -0.13766356042236527, 0.5, 0.0]",0.5,0.0,2.3029873371124268,14.929075623790425
2,11,-0.09526195819516833,"[19.047082398662646, 19.03126711578486, 18.990805102706616, 0.3959921598434448, 0.3983602225780487, 0.40319234132766724, 2.336527741170891, 2.343081816181188, 2.3561899662017822, 14.860189499432654, -0.09410040748107873, 0.5, 0.16842104494571689]",0.5,0.16842104494571689,0.3959921598434448,14.860189499432654
