step,action,reward,state,dwa_vel,dwa_ang,min_obstacle,goal_dist
0,6,-0.1377251143694767,"[3.479667509339053, 3.4750583042073426, 3.4740566351833087, 0.302381306886673, 0.3054722249507904, 0.30610552430152893, 1.910512865501584, 1.917066940511881, 1.936729165542772, 15.022734183274192, 0.043277663522064636, 0.5, 0.5052631497383119]",0.5,0.5052631497383119,0.302381306886673,15.022734183274192
