step,action,reward,state,dwa_vel,dwa_ang,min_obstacle,goal_dist
0,10,-0.46461666512982536,"[3.518378016218845, 3.518665468946966, 3.5175804738602636, 0.3066712021827698, 0.3076229691505432, 0.3089756965637207, 1.9498373155633661, 1.9563913905736632, 1.9629454655839602, 15.160158747519583, 1.2182658709759746, 0.0, 0.5726315379142761]",0.0,0.5726315379142761,0.3066712021827698,15.160158747519583
